atom,sigma(A),epsilon(K)
CH4,3.73,148
C,3.47299,47.86109713
Co,2.55866,7.0458
H,2.84642,7.649723201
N,3.26256,38.95319577
